<?xml version="1.0" encoding="UTF-8"?>
<project-private xmlns="http://www.netbeans.org/ns/project-private/1">
    <editor-bookmarks xmlns="http://www.netbeans.org/ns/editor-bookmarks/2" lastBookmarkId="0"/>
    <open-files xmlns="http://www.netbeans.org/ns/projectui-open-files/2">
        <group>
            <file>file:/C:/Users/ADMIN/Documents/NetBeansProjects/HealthyHeart/src/Men.java</file>
            <file>file:/C:/Users/ADMIN/Documents/NetBeansProjects/HealthyHeart/src/Login.java</file>
            <file>file:/C:/Users/ADMIN/Documents/NetBeansProjects/HealthyHeart/manifest.mf</file>
            <file>file:/C:/Users/ADMIN/Documents/NetBeansProjects/HealthyHeart/src/Habits.java</file>
            <file>file:/C:/Users/ADMIN/Documents/NetBeansProjects/HealthyHeart/src/Medical.java</file>
            <file>file:/C:/Users/ADMIN/Documents/NetBeansProjects/HealthyHeart/src/Icons/diet.png</file>
            <file>file:/C:/Users/ADMIN/Documents/NetBeansProjects/HealthyHeart/src/Diet.java</file>
            <file>file:/C:/Users/ADMIN/Documents/NetBeansProjects/HealthyHeart/build.xml</file>
            <file>file:/C:/Users/ADMIN/Documents/NetBeansProjects/HealthyHeart/src/Food.java</file>
            <file>file:/C:/Users/ADMIN/Documents/NetBeansProjects/HealthyHeart/src/Exercise.java</file>
            <file>file:/C:/Users/ADMIN/Documents/NetBeansProjects/HealthyHeart/src/Register.java</file>
            <file>file:/C:/Users/ADMIN/Documents/NetBeansProjects/HealthyHeart/src/Doctor.java</file>
            <file>file:/C:/Users/ADMIN/Documents/NetBeansProjects/HealthyHeart/src/Result.java</file>
            <file>file:/C:/Users/ADMIN/Documents/NetBeansProjects/HealthyHeart/src/About.java</file>
            <file>file:/C:/Users/ADMIN/Documents/NetBeansProjects/HealthyHeart/src/Women.java</file>
            <file>file:/C:/Users/ADMIN/Documents/NetBeansProjects/HealthyHeart/src/Home.java</file>
            <file>file:/C:/Users/ADMIN/Documents/NetBeansProjects/HealthyHeart/src/Yoga.java</file>
        </group>
    </open-files>
</project-private>
